{
  "meta_title": "",
  "meta_description": "",
  "sections": [
    {
      "type": "banner-slider",
      "autoplay": 2000,
      "slides": [
        {
          "start": "2023-11-10T19:16:56.105Z",
          "end": "",
          "mobile_img": "",
          "img": "/img/uploads/frete-gratis-4-.png",
          "link": ""
        }
      ],
      "full_width": true
    },
    {
      "type": "collection-shelf",
      "shuffle": true,
      "title": "LANÇAMENTOS DO MÊS",
      "sort": "news"
    },
    {
      "type": "collection-shelf",
      "shuffle": false,
      "limit": 12,
      "page": 1,
      "collection_id": "65b045e42cd6b659590ff32f:categories:Vestidos Jeans:/vestidos-jeans",
      "sort": "sales",
      "title": "OS VESTIDOS MAIS VENDIDOS DA NOSSA COLEÇÃO"
    },
    {
      "type": "collection-shelf",
      "shuffle": false,
      "limit": 12,
      "page": 1,
      "collection_id": "66857fcef4e6d85ab2c35463:categories:Jaquetas:/jaquetas",
      "title": "AS JAQUETAS QUE FAZEM VOCÊS MAIS ESTILOSA"
    }
  ]
}